Workbook

Sheet Notas Normales
A1: Nom | B1: Faltas | C1: PR01 | D1: PR02 | E1: PR03 | F1: PR04 | G1: EX01 | H1: Vàlid | I1: Nota Final
B2: 0 | C2: 0.1 | D2: 0.1 | E2: 0.1 | F2: 0.2 | G2: 0.5
A3: Leonardo da Vinci | B3: 6 | C3: 8.9 | D3: 6.5 | E3: 8 | F3: 7.3 | G3: 4.5 | H3: =IF(AND(B3<=20, F3>=2.5), "Sí", "No") -> 0 | I3: =IF(G3="No", 1, SUMPRODUCT(C3:F3, $C$2:$F$2)) -> 0
A4: Albert Einstein | B4: 6 | C4: 0 | D4: 0 | E4: 0 | F4: 0 | G4: 0 | H4: =IF(AND(B4<=20, F4>=2.5), "Sí", "No") -> 0 | I4: =IF(G4="No", 1, SUMPRODUCT(C4:F4, $C$2:$F$2)) -> 0
A5: Isaac Newton | B5: 9 | C5: 3.5 | D5: 1.3 | E5: 3.5 | F5: 7.5 | G5: 4.5 | H5: =IF(AND(B5<=20, F5>=2.5), "Sí", "No") -> 0 | I5: =IF(G5="No", 1, SUMPRODUCT(C5:F5, $C$2:$F$2)) -> 0
A6: Marie Curie | B6: 3 | C6: 5 | D6: 5.5 | E6: 4 | F6: 6.3 | G6: 3 | H6: =IF(AND(B6<=20, F6>=2.5), "Sí", "No") -> 0 | I6: =IF(G6="No", 1, SUMPRODUCT(C6:F6, $C$2:$F$2)) -> 0
A7: Galileo Galilei | B7: 9 | C7: 5.9 | D7: 7.3 | E7: 4.5 | F7: 6.3 | G7: 4 | H7: =IF(AND(B7<=20, F7>=2.5), "Sí", "No") -> 0 | I7: =IF(G7="No", 1, SUMPRODUCT(C7:F7, $C$2:$F$2)) -> 0
A8: Nikola Tesla | B8: 6 | C8: 4.3 | D8: 4.8 | E8: 3.5 | F8: 6.3 | G8: 0.5 | H8: =IF(AND(B8<=20, F8>=2.5), "Sí", "No") -> 0 | I8: =IF(G8="No", 1, SUMPRODUCT(C8:F8, $C$2:$F$2)) -> 0
A9: Aristotle | B9: 55 | C9: 2.1 | D9: 4.8 | E9: 0 | F9: 0 | G9: 0 | H9: =IF(AND(B9<=20, F9>=2.5), "Sí", "No") -> 0 | I9: =IF(G9="No", 1, SUMPRODUCT(C9:F9, $C$2:$F$2)) -> 0
A10: Plato | B10: 94 | C10: 0 | D10: 0 | E10: 0 | F10: 0 | G10: 0 | H10: =IF(AND(B10<=20, F10>=2.5), "Sí", "No") -> 0 | I10: =IF(G10="No", 1, SUMPRODUCT(C10:F10, $C$2:$F$2)) -> 0
A11: Confucius | B11: 42 | C11: 3.6 | D11: 3.5 | E11: 1.5 | F11: 0 | G11: 0 | H11: =IF(AND(B11<=20, F11>=2.5), "Sí", "No") -> 0 | I11: =IF(G11="No", 1, SUMPRODUCT(C11:F11, $C$2:$F$2)) -> 0
A12: Charles Darwin | B12: 18 | C12: 6.3 | D12: 6 | E12: 4 | F12: 7.8 | G12: 8 | H12: =IF(AND(B12<=20, F12>=2.5), "Sí", "No") -> 0 | I12: =IF(G12="No", 1, SUMPRODUCT(C12:F12, $C$2:$F$2)) -> 0
A13: Socrates | B13: 9 | C13: 3.9 | D13: 6 | E13: 5.5 | F13: 7.8 | G13: 5 | H13: =IF(AND(B13<=20, F13>=2.5), "Sí", "No") -> 0 | I13: =IF(G13="No", 1, SUMPRODUCT(C13:F13, $C$2:$F$2)) -> 0
A14: Alexander the Great | B14: 6 | C14: 7.9 | D14: 5.5 | E14: 5 | F14: 9 | G14: 6.5 | H14: =IF(AND(B14<=20, F14>=2.5), "Sí", "No") -> 0 | I14: =IF(G14="No", 1, SUMPRODUCT(C14:F14, $C$2:$F$2)) -> 0
... A34: William the Conqueror | B34: 0 | C34: 5.4 | D34: 7.3 | E34: 4.5 | F34: 6.3 | G34: 3.5 | H34: =IF(AND(B34<=20, F34>=2.5), "Sí", "No") -> 0 | I34: =IF(G34="No", 1, SUMPRODUCT(C34:F34, $C$2:$F$2)) -> 0

Sheet Notas Anónimas
A1: ID | B1: Faltas | C1: PR01 | D1: PR02 | E1: PR03 | F1: PR04 | G1: EX01 | H1: Vàlid | I1: Nota Final
B2: 0 | C2: 0.1 | D2: 0.1 | E2: 0.1 | F2: 0.2 | G2: 0.5
A3: 3920 | B3: =Notas_Normales!B3 -> 0 | C3: =Notas_Normales!C3 -> 0 | D3: =Notas_Normales!D3 -> 0 | E3: =Notas_Normales!E3 -> 0 | F3: =Notas_Normales!F3 -> 0 | G3: =Notas_Normales!G3 -> 0 | H3: =Notas_Normales!G3 -> 0 | I3: =Notas_Normales!H3 -> 0
A4: 2183 | B4: =Notas_Normales!B4 -> 0 | C4: =Notas_Normales!C4 -> 0 | D4: =Notas_Normales!D4 -> 0 | E4: =Notas_Normales!E4 -> 0 | F4: =Notas_Normales!F4 -> 0 | G4: =Notas_Normales!G4 -> 0 | H4: =Notas_Normales!G4 -> 0 | I4: =Notas_Normales!H4 -> 0
A5: 8392 | B5: =Notas_Normales!B5 -> 0 | C5: =Notas_Normales!C5 -> 0 | D5: =Notas_Normales!D5 -> 0 | E5: =Notas_Normales!E5 -> 0 | F5: =Notas_Normales!F5 -> 0 | G5: =Notas_Normales!G5 -> 0 | H5: =Notas_Normales!G5 -> 0 | I5: =Notas_Normales!H5 -> 0
A6: 9184 | B6: =Notas_Normales!B6 -> 0 | C6: =Notas_Normales!C6 -> 0 | D6: =Notas_Normales!D6 -> 0 | E6: =Notas_Normales!E6 -> 0 | F6: =Notas_Normales!F6 -> 0 | G6: =Notas_Normales!G6 -> 0 | H6: =Notas_Normales!G6 -> 0 | I6: =Notas_Normales!H6 -> 0
A7: 8392 | B7: =Notas_Normales!B7 -> 0 | C7: =Notas_Normales!C7 -> 0 | D7: =Notas_Normales!D7 -> 0 | E7: =Notas_Normales!E7 -> 0 | F7: =Notas_Normales!F7 -> 0 | G7: =Notas_Normales!G7 -> 0 | H7: =Notas_Normales!G7 -> 0 | I7: =Notas_Normales!H7 -> 0
A8: 8394 | B8: =Notas_Normales!B8 -> 0 | C8: =Notas_Normales!C8 -> 0 | D8: =Notas_Normales!D8 -> 0 | E8: =Notas_Normales!E8 -> 0 | F8: =Notas_Normales!F8 -> 0 | G8: =Notas_Normales!G8 -> 0 | H8: =Notas_Normales!G8 -> 0 | I8: =Notas_Normales!H8 -> 0
A9: 3021 | B9: =Notas_Normales!B9 -> 0 | C9: =Notas_Normales!C9 -> 0 | D9: =Notas_Normales!D9 -> 0 | E9: =Notas_Normales!E9 -> 0 | F9: =Notas_Normales!F9 -> 0 | G9: =Notas_Normales!G9 -> 0 | H9: =Notas_Normales!G9 -> 0 | I9: =Notas_Normales!H9 -> 0
A10: 0293 | B10: =Notas_Normales!B10 -> 0 | C10: =Notas_Normales!C10 -> 0 | D10: =Notas_Normales!D10 -> 0 | E10: =Notas_Normales!E10 -> 0 | F10: =Notas_Normales!F10 -> 0 | G10: =Notas_Normales!G10 -> 0 | H10: =Notas_Normales!G10 -> 0 | I10: =Notas_Normales!H10 -> 0
A11: 1837 | B11: =Notas_Normales!B11 -> 0 | C11: =Notas_Normales!C11 -> 0 | D11: =Notas_Normales!D11 -> 0 | E11: =Notas_Normales!E11 -> 0 | F11: =Notas_Normales!F11 -> 0 | G11: =Notas_Normales!G11 -> 0 | H11: =Notas_Normales!G11 -> 0 | I11: =Notas_Normales!H11 -> 0
A12: 9201 | B12: =Notas_Normales!B12 -> 0 | C12: =Notas_Normales!C12 -> 0 | D12: =Notas_Normales!D12 -> 0 | E12: =Notas_Normales!E12 -> 0 | F12: =Notas_Normales!F12 -> 0 | G12: =Notas_Normales!G12 -> 0 | H12: =Notas_Normales!G12 -> 0 | I12: =Notas_Normales!H12 -> 0
A13: 2038 | B13: =Notas_Normales!B13 -> 0 | C13: =Notas_Normales!C13 -> 0 | D13: =Notas_Normales!D13 -> 0 | E13: =Notas_Normales!E13 -> 0 | F13: =Notas_Normales!F13 -> 0 | G13: =Notas_Normales!G13 -> 0 | H13: =Notas_Normales!G13 -> 0 | I13: =Notas_Normales!H13 -> 0
A14: 2918 | B14: =Notas_Normales!B14 -> 0 | C14: =Notas_Normales!C14 -> 0 | D14: =Notas_Normales!D14 -> 0 | E14: =Notas_Normales!E14 -> 0 | F14: =Notas_Normales!F14 -> 0 | G14: =Notas_Normales!G14 -> 0 | H14: =Notas_Normales!G14 -> 0 | I14: =Notas_Normales!H14 -> 0
... A34: 7654 | B34: =Notas_Normales!B34 -> 0 | C34: =Notas_Normales!C34 -> 0 | D34: =Notas_Normales!D34 -> 0 | E34: =Notas_Normales!E34 -> 0 | F34: =Notas_Normales!F34 -> 0 | G34: =Notas_Normales!G34 -> 0 | H34: =Notas_Normales!G34 -> 0 | I34: =Notas_Normales!H34 -> 0
